{
    "smoothness": 0.1,
    "scale": 54.35989,
    "x0": 10.59179,
    "k": 2.810172,
    "samples": 5,
    "sweeps": 10
}
